Type,Company Name,Stakeholder Group,Voting Member,Website,Category,Term,Contact Person,Is Board Member,Is Chair,Is Vice Chair
Stakeholder,Advanced Spade Company,Locator,Yes,https://advancedspadecompany.com/,Locator,,Daniel Kimminau,0,0,0
Stakeholder,AIMS Companies,Excavator,Yes,https://www.aimscompanies.com/,Excavator,,Bob Jeralds,0,0,0
Stakeholder,AT&T,Telecom,Yes,https://www.att.com/,Telecom,2025-2026,Wayne Scott,1,0,0
Stakeholder,Byrd Underground,Excavator,Yes,http://www.byrdunderground.com/,Excavator,,Tyler Byrd,0,0,0
Stakeholder,C and S Co. Inc.,Excavator,Yes,https://candscoinc.com/,Excavator,,Saundra Waggoner,0,0,0
Stakeholder,City of Boulder City Public Works,Public Works,Yes,https://www.bcnv.org/221/Public-Works,Public Works,,Steve Priscu,0,0,0
Stakeholder,City of Henderson Public Works,Public Works,Yes,https://www.cityofhenderson.com/government/departments/public-works,Public Works,2025-2026,Lance Olson,1,0,0
Stakeholder,City of Las Vegas Public Works,Public Works,Yes,https://www.lasvegasnevada.gov/Government/Departments/Public-Works,Public Works,,Kondala Mantri,0,0,0
Stakeholder,Clark County Public Works,Public Works,Yes,https://www.clarkcountynv.gov/government/departments/public_works_department/index.php,Public Works,,Sal Partida,0,0,0
Stakeholder,Clark County Water Reclamation District,Sewer,Yes,https://www.cleanwaterteam.com/,Sewer,2026-2027,Boyd Duchene,1,0,0
Stakeholder,Cox Communications,Telecommunications,Yes,http://cox.com,Telecommunications,,Beryl Cox,0,0,0
Stakeholder,ELM Utility Services,Locator,Yes,https://elmllc.com/,Locator,2026-2027,Austin Benedict,1,0,0
Stakeholder,Empire Cat,Excavator,Yes,https://www.empire-cat.com/locations/henderson,Excavator,,Seth Hendrickson,0,0,0
Stakeholder,Ervin Cable Construction,Excavator,Yes,https://ervincable.com/,Excavator,,Patricia Pritchard,0,0,0
Stakeholder,GigaPower,Telecommunication,Yes,https://gigapower.com/,Telecommunication,,,0,0,0
Stakeholder,Google Fiber,Telecommunication,Yes,https://fiber.google.com/,Telecommunication,,Michelle Koyle,0,0,0
Stakeholder,Great Basin Gas Transmission Company,Pipeline,Yes,https://www.greatbasingtc.com/,Pipeline,,Rusty McLaughlin,0,0,0
Stakeholder,HF Sinclair,Pipeline,Yes,https://www.hfsinclair.com/home/default.aspx,Pipeline,,Mark Largesse,0,0,0
Stakeholder,Hole Hogz,Excavator,Yes,https://www.holehogz.com/,Excavator,,Robert McKechnie,0,0,0
Stakeholder,JABCO. UN Inc.,Excavator,Yes,https://jabco.us/,Excavator,,Ines Esquivel,0,0,0
Stakeholder,JBM Underground,Excavator,Yes,https://jbmunderground.com/,Excavator,,Mat Whalen,0,0,0
Stakeholder,KCI Technologies Inc.,Design Engineering,Yes,http://www.kci.com/,Design Engineering,2026-2027,Rick Torrens,1,0,0
Stakeholder,Kern River Gas Transmission,Pipeline,Yes,https://www.kernrivergas.com/,Pipeline,2025-2026,Jeremy Crawford,1,0,0
Stakeholder,Las Vegas Paving,Road Builder,Yes,https://lasvegaspaving.com/,Road Builder,,Scott Allen,0,0,0
Stakeholder,Las Vegas Valley Water District,Water,Yes,https://www.lvvwd.com,Water,2025-2026,Mike Austin,1,0,0
Stakeholder,Lumen,Telecommunications,Yes,https://lumen.com/,Telecommunications,,Alonzo Trujillo,0,0,0
Stakeholder,Mammoth Underground,Excavator,Yes,https://mammothug.com/,Excavator,,Kathy Bergman,0,0,0
Stakeholder,Menichino Construction,Excavator,Yes,https://menichinoconstruction.com/,Excavator,,Vince Menichino,0,0,0
Stakeholder,NPL Construction Co.,Excavator,Yes,https://gonpl.com/,Excavator,,Sean Murphy,0,0,0
Stakeholder,New-Com,Excavator,Yes,https://nclasvegas.com/,Excavator,,Hannah Stevens,0,0,0
Stakeholder,NUCA/Las Vegas Paving,Alliance Representative,Yes,https://lasvegaspaving.com/,Alliance Representative,2025-2026,Scott Allen,1,0,0
Stakeholder,NV Energy,Electric,Yes,http://www.nvenergy.com,Electric,2025-2026,Kristen Garcia,1,1,0
Stakeholder,PelicanCorp,One-Call,Yes,https://pelicancorp.com/,One-Call,,Siddarth Munivelu,0,0,0
Stakeholder,Prospector Pipeline Company,Pipeline,Yes,,Pipeline,,Danielle Keelan,0,0,0
Stakeholder,Public Utilities Commission of Nevada,Regulator,Yes,http://www.puc.nv.gov,Regulator,2025-2026,Dennis Bott,1,0,0
Stakeholder,Q&D Construction,Road Builder,Yes,https://qdconstruction.com/,Road Builder,2025-2026,Roy Halliburton,1,0,0
Stakeholder,RP Weddell & Sons,Excavator,Yes,https://g.co/kgs/85FvUQF,Excavator,,Cesar Castillo,0,0,0
Stakeholder,Southwest Gas,Gas,Yes,https://www.swgas.com/,Gas,2026-2027,Terry Harpt,1,0,0
Stakeholder,Stake Center Locating,Locator,Yes,https://www.stakecenter.com/,Locator,,Tom Fava,0,0,0
Stakeholder,Team Fishel,Excavator,Yes,https://www.teamfishel.com/,Excavator,,Marty Byars,0,0,0
Stakeholder,Terra Contracting,Excavator,Yes,https://terracontracting.com/,Excavator,,Paul Gibson,0,0,0
Stakeholder,Truckee Meadows Water Authority,Water,Yes,https://tmwa.com/,Water,,Charles Atkinson,0,0,0
Stakeholder,USA North 811,One-Call,Yes,http://usanorth811.org/,One-Call,2025-2026,Ryan White,1,0,1
Stakeholder,USIC,Locator,Yes,https://www.usicllc.com/,Locator,,Mike Marrero,0,0,0
Stakeholder,VCI Construction,Excavator,Yes,https://vcicom.com/,Excavator,,Rob Espinosa,0,0,0
Stakeholder,Western States Contracting,Excavator,Yes,http://www.westernstatesco.com/,Excavator,2026-2027,Harold Lefler,1,0,0
Stakeholder,Xram Excavation,Excavator,Yes,https://g.co/kgs/QqEWCLq,Excavator,,Scotty Marx,0,0,0
Stakeholder,Arizona Pipeline Company,Excavator,Yes,https://www.arizonapipeline.com/,Excavator,,David Syfrig,0,0,0
Associate,DigContrax,,No,https://digcontrax.com/,Associate,,,0,0,0
Stakeholder,Flippin's Trenching,Excavator,Yes,https://flippins.com/,Excavator,,Ken Flippin,0,0,0
Associate,Haaker Equipment Company,,No,https://www.haaker.com/,Associate,,,0,0,0
Stakeholder,National Trench Safety,Excavator,Yes,https://www.ntsafety.com/,Excavator,,Julie Allen,0,0,0
Associate,NEPTCO MULETAPE,,No,https://chasecorp.com/products/cable-pulling-and-detection?utm_source=google&utm_medium=ppc&utm_campaign=go_pad_gr&utm_term=neptco%20mule%20tape&utm_campaign=01-GO-EN-US-CC-MuletapeBrand&utm_source=adwords&utm_medium=ppc&hsa_acc=1855261152&hsa_cam=22653008392&hsa_grp=191776003188&hsa_ad=767000734743&hsa_src=g&hsa_tgt=kwd-324832192038&hsa_kw=neptco%20mule%20tape&hsa_mt=e&hsa_net=adwords&hsa_ver=3&gad_source=1&gad_campaignid=22653008392&gbraid=0AAAAA-Fewryn2NneK9LEC3YrZ5JrLIHiz&gclid=Cj0KCQiA4eHLBhCzARIsAJ2NZoKeMfNdmjmk8mvsiAshNmwnYTD-tBARyzyiVz38wEOQ7gBF4aI2ZskaAly8EALw_wcB,Associate,,,0,0,0
Associate,Norfield DP,,No,https://www.norfielddp.com/,Associate,,,0,0,0
Associate,Sub-T & Locating Dynamics,,No,https://www.locatingdynamics.com/,Associate,,,0,0,0
Associate,Tecsolutions Consultants,,No,https://www.tecsolutionsconsultants.com/,Associate,,,0,0,0
Stakeholder,Mears Group,Excavator,Yes,https://www.mears.net/,Excavator,,Bryan Kolstad,0,0,0
